environment,n_samples,pearson_r,pearson_p,pearson_ci_low,pearson_ci_high,spearman_r,kendall_tau,slope,r_squared,cohens_q,passes_criterion
Pong,500,0.3719072673400206,7.571860384180493e-18,0.29669260736504577,0.4427172803254378,0.36411966447865796,0.2483206412825651,0.3507161032988961,0.13831507165935664,0.39063469878046014,True
Breakout,500,0.43976918362403655,4.619972216095919e-25,0.3667483263306755,0.5055172376239451,0.4384598658394634,0.300376753507014,0.45995774715180826,0.19339690938742526,0.4719446098314248,True
Seaquest,500,0.35803793446107307,1.4399733368970907e-16,0.2806596567824995,0.43039806332806485,0.3394025416101664,0.23159919839679355,0.37160082024390767,0.1281911887571,0.3746335138977406,True
SpaceInvaders,500,0.3630399386861564,5.0603761083295164e-17,0.2818059253869928,0.44029715497138217,0.3389746678986716,0.23105410821643282,0.3561424930536259,0.13179804275237572,0.38038288889962646,True
walker-walk,500,0.34591150597959724,1.6848892057660672e-15,0.271372730575985,0.41485759372696035,0.3349808599234397,0.22425651302605207,0.34975131490131856,0.11965475113063762,0.360792053926587,True
cheetah-run,500,0.35884553948891695,1.2177735391220914e-16,0.2804231653327829,0.43047887449257904,0.3638649754599018,0.2445851703406813,0.3456771318916813,0.12877016262719376,0.3755601771431069,True
